SpectraFile	Biological set	Retention time(min)	Ion injection time(ms)	SpecID	ScanNum	FragMethod	Precursor	IsotopeError	PrecursorError(ppm)	Charge	Peptide	Protein	DeNovoScore	MSGFScore	SpecEValue	EValue	percolator svm-score	PSM q-value	peptide q-value	tmt10plex_126	tmt10plex_127N	tmt10plex_127C	tmt10plex_128N	tmt10plex_128C	tmt10plex_129N	tmt10plex_129C	tmt10plex_130N	tmt10plex_130C	tmt10plex_131	blastp_category	blastp_match	identity	peplen	sub_pos	Nterm-seq(3aa)	aligned_seq	Cterm-seq(3aa)	alignlen	mismatch	gap	SpectrumAI_result
GMRBRK_20181223_Gros-Kiessling-melanoma-combo_TMTset1_350ug_IPG3-10_fr07.mzML	set1	54.317644	100.0000015	controllerType=0 controllerNumber=1 scan=27860	27860	HCD	942.20013	0	1.6842672	4	+229.163GGDDGDGGGDHVPAEPLQAVC+57.021TVLHQPAQPGAEER	"=_#j_3253874@3.95205154335242@fr7:279321(pre=-,post=-)"	203	147	8.14E-25	4.83E-17	4.31	0	0	1.309900088	1.183983722	1.040971465	0.994712925	1.124166686	0.97262038	1.454087532	1.090055447	1.091054629	1	novelpep (map to known protein with more than 2 mismatched aa)	NP_001087194.1	60	35	NA	PTAGED	GEDGGGGGGGAPAQP	AQPAAP	15	6	0	NA
GMRBRK_20181223_Gros-Kiessling-melanoma-combo_TMTset1_350ug_IPG3-10_fr07.mzML	set1	83.554812	99.99268502	controllerType=0 controllerNumber=1 scan=43337	43337	HCD	1077.7592	2	-0.7639048	4	+229.163EQMYNILMWIHDNYSRDPESETDNDSQEIFK+229.163	"j_4904195@3.97822889798687@fr7:421591(pre=-,post=-)"	253	185	8.31E-25	4.85E-17	3.993	0	0	1.140074067	0.925252449	0.985139684	1.063785503	0.923254752	1.113542116	1.293512366	1.149380237	1.013810443	1	novelpep (map to known protein with more than 2 mismatched aa)	NP_008835.5	100	31	NA	DNYRDP	RDPESETDNDSQEIFK	IFKLAK	16	0	0	NA
GMRBRK_20181223_Gros-Kiessling-melanoma-combo_TMTset1_350ug_IPG3-10_fr07.mzML	set1	80.676673	100.0000015	controllerType=0 controllerNumber=1 scan=41883	41883	HCD	1423.2506	2	-0.9855555	2	+229.163SGADATAEPMILEQYVVVSNYK+229.163	"j_7674397@3.98383977286142@fr7:579761(pre=-,post=-)"	300	268	1.05E-24	5.82E-17	3.811	0	0	3.126870293	0.370530572	1.760626695	0.361149905	0.778024395	1.338025822	3.189980607	0.438050124	1.760988739	1	map to known protein with 1 aa mismatch	NP_055446.2	95.455	22	1	KDVTGA	TGADATAEPMILEQYVVVSNYK	NYKKQE	22	1	0	PASS
GMRBRK_20181223_Gros-Kiessling-melanoma-combo_TMTset1_350ug_IPG3-10_fr07.mzML	set1	48.847904	59.58752707	controllerType=0 controllerNumber=1 scan=24883	24883	HCD	874.43866	1	0.6525115	3	+229.163QNLEGDHSDAPMETETLFK+229.163	"smutalt_7117715@4.04493619692178@fr7:990521(pre=-,post=-)"	150	138	4.69E-21	2.56E-13	3.218	0	0	0.694387389	0.741705237	0.64529221	1.908293775	0.816375553	1.157801875	0.815976333	1.816664999	0.731748559	1	map to known protein with 1 aa mismatch	NP_055093.2	94.737	19	17	IEKQNL	QNLEGDHSDAPMETETSFK	SFKNEN	19	1	0	PASS
GMRBRK_20181223_Gros-Kiessling-melanoma-combo_TMTset1_350ug_IPG3-10_fr07.mzML	set1	74.616882	100.0000015	controllerType=0 controllerNumber=1 scan=38662	38662	HCD	931.001	1	9.21717	2	+229.163FIAVGYVDDTEFVR	"=_5921643@3.96859598461651@fr7:503773(pre=-,post=F);=_5921710@3.97850558028774@fr7:503779(pre=-,post=-)"	210	173	6.90E-16	3.59E-08	1.323	0	0	0.854531963	1.629827794	1.226469402	1.121487585	0.948934292	0.851983071	0.997707939	0.904326167	1.24417527	1	map to known protein with 1 aa mismatch	NP_002107.3	92.857	14	11	EPRFIA	FIAVGYVDDTQFVR	FVRFDS	14	1	0	PASS
GMRBRK_20181223_Gros-Kiessling-melanoma-combo_TMTset1_350ug_IPG3-10_fr07.mzML	set1	82.090398	100.0000015	controllerType=0 controllerNumber=1 scan=42592	42592	HCD	834.9165	1	-2.5954604	2	+229.163FSTFFDDASVFR	"smutalt_9889993@4.10033641133878@fr7:1099195(pre=-,post=-)"	162	156	1.14E-15	5.78E-08	1.701	0	0	0.308771764	0.396080705	0.558085734	0.463029687	3.631688162	0.359143119	0.809924561	0.382906884	0.490819055	1	map to known protein with 1 aa mismatch	XP_011513243.1	91.667	12	9	TARFST	FSTFFDDAPVFR	VFRIPG	12	1	0	PASS
GMRBRK_20181223_Gros-Kiessling-melanoma-combo_TMTset1_350ug_IPG3-10_fr07.mzML	set1	46.493536	100.0000015	controllerType=0 controllerNumber=1 scan=23613	23613	HCD	864.96936	0	-0.917323	2	+229.163SEPLVSEQLDVAGR	"smutalt_12306706@3.98260288716284@fr7:1213125(pre=-,post=-)"	177	158	1.69E-15	8.80E-08	1.726	0	0	0.809218812	0.58340627	0.606105148	0.803719256	0.676333365	2.465522053	0.966060705	0.763417435	0.543858808	1	map to known protein with 1 aa mismatch	XP_011543466.1	92.857	14	4	FSRSEP	SEPPVSEQLDVAGR	AGRVMQ	14	1	0	PASS
GMRBRK_20181223_Gros-Kiessling-melanoma-combo_TMTset1_350ug_IPG3-10_fr07.mzML	set1	28.56392	39.71587494	controllerType=0 controllerNumber=1 scan=14202	14202	HCD	706.3512	0	3.4563751	2	+229.163EETEEYNLR	"smutref_#smutalt_14031316@3.97850811430874@fr7:838797(pre=-,post=-);smutref_#smutalt_14031328@4.01475976099127@fr7:838799(pre=-,post=D)"	136	136	1.13E-12	5.41E-05	0.954	0.007025761	0.009646302	1.184342828	0.911703365	0.881996565	0.926957281	0.953617758	0.943643856	1.263365373	0.978554215	0.721814879	1	map to known protein with 1 aa mismatch	NP_919223.1	88.889	9	2	GIKEDT	EDTEEYNLR	NLRDYF	9	1	0	PASS
GMRBRK_20181223_Gros-Kiessling-melanoma-combo_TMTset1_350ug_IPG3-10_fr37.mzML	set1	54.702075	100.0000015	controllerType=0 controllerNumber=1 scan=27502	27502	HCD	1121.6881	2	-7.1326437	2	+229.163AQLGVQAFADVLLVIPK+229.163	"=_#n_#k_#j_4641333@6.07317483609115@fr37:517361(pre=-,post=V);=_#n_#k_#j_4641348@6.07177568210747@fr37:517363(pre=-,post=-);k_5964817@6.09063799395498@fr37:665363(pre=-,post=V)"	148	61	1.08E-12	6.43E-05	0.934	0.006912442	0.00952381	1.479094316	1.052471443	1.294741931	0.492545486	1.260632228	1.428898821	1.496941068	1.162428585	0.987224446	1	novelpep (map to known protein with more than 2 mismatched aa)	NP_001753.1	88.235	17	NA	KGRAQL	AQLGVQAFADALLIIPK	IPKVLA	17	2	0	NA
GMRBRK_20181223_Gros-Kiessling-melanoma-combo_TMTset1_350ug_IPG3-10_fr04.mzML	set1	46.062919	100.0000015	controllerType=0 controllerNumber=1 scan=24342	24342	HCD	1199.9073	1	2.8668745	3	+229.163RDNSDFDLLTVSETANEPPQDEGNSFNSLR	"smutalt_15234602@3.79129742315664@fr4:1045067(pre=-,post=-)"	212	202	1.02E-28	5.03E-21	5	0	0	0.894352312	0.916739628	0.738647149	0.786843287	0.725206618	1.713212534	1.026377768	0.874725079	0.719435615	1	map to known protein with 1 aa mismatch	NP_003744.1	96.667	30	29	FDKRDN	RDNSDFDLLTVSETANEPPQDEGNSFNSPR	SPRNLA	30	1	0	PASS
GMRBRK_20181223_Gros-Kiessling-melanoma-combo_TMTset1_350ug_IPG3-10_fr04.mzML	set1	46.076709	100.0000015	controllerType=0 controllerNumber=1 scan=24350	24350	HCD	1200.2393	2	0.7474221	3	+229.163RDNSDFDLLTVSETANEPPQDEGNSFNSLR	"smutalt_15234602@3.79129742315664@fr4:1045067(pre=-,post=-)"	197	186	2.38E-28	1.18E-20	5.034	0	0	0.67394451	0.953758457	0.712895263	0.826098233	0.783694417	1.680063508	0.806376537	0.769450603	0.641368509	1	map to known protein with 1 aa mismatch	NP_003744.1	96.667	30	29	FDKRDN	RDNSDFDLLTVSETANEPPQDEGNSFNSPR	SPRNLA	30	1	0	PASS
GMRBRK_20181223_Gros-Kiessling-melanoma-combo_TMTset1_350ug_IPG3-10_fr04.mzML	set1	50.099651	100.0000015	controllerType=0 controllerNumber=1 scan=26604	26604	HCD	1176.9319	2	0.03578494	3	+229.163EFFVDDSEEIVEGIPQPDPNQPK+229.163PEGR	"j_1154538@3.77970164189206@fr4:69705(pre=-,post=-)"	190	152	3.56E-23	1.73E-15	3.862	0	0	0.781227991	0.964952495	1.008467762	0.999497904	1.10040121	0.951668462	0.988624119	0.91617767	1.0669168	1	novelpep (map to known protein with more than 2 mismatched aa)	NP_775873.2	64	27	NA	LKEFFV	FFVDDSEEIVEVPQPDPNQPKPEGR	EGRQMT	25	9	0	NA
GMRBRK_20181223_Gros-Kiessling-melanoma-combo_TMTset1_350ug_IPG3-10_fr04.mzML	set1	32.177925	100.0000015	controllerType=0 controllerNumber=1 scan=16501	16501	HCD	998.013	1	-5.597564	2	+229.163DLSQQQMQSDLDK+229.163	"=_#n_#j_5415808@3.83747298022091@fr4:321179(pre=-,post=-)"	203	190	3.65E-17	1.60E-09	1.912	0	0	1.019357869	0.995570108	0.90626072	0.744524067	0.75052329	1.090303856	1.446371791	0.557371369	0.773550229	1	map to known protein with 1 aa mismatch	XP_024306860.1	92.308	13	3	REKDLA	DLAQQQMQSDLDK	LDKADL	13	1	0	PASS
GMRBRK_20181223_Gros-Kiessling-melanoma-combo_TMTset1_350ug_IPG3-10_fr04.mzML	set1	58.565708	32.26368874	controllerType=0 controllerNumber=1 scan=31328	31328	HCD	1136.5981	0	1.9331986	2	+229.163C+57.021APGVVGPAEVDIDFDIIR	"smutalt_18708434@3.81259517145221@fr4:646191(pre=-,post=-);smutalt_18708435@3.86287594999667@fr4:646193(pre=-,post=N)"	248	133	6.40E-14	2.96E-06	1.548	0	0	0.741958012	1.053612278	0.781576837	0.625232193	0.859275626	2.156218753	0.815159169	0.818076434	0.690539456	1	map to known protein with 1 aa mismatch	NP_001447.2	94.737	19	11	GIKCAP	CAPGVVGPAEADIDFDIIR	IIRNDN	19	1	0	PASS
GMRBRK_20181223_Gros-Kiessling-melanoma-combo_TMTset1_350ug_IPG3-10_fr04.mzML	set1	14.000427	28.90734933	controllerType=0 controllerNumber=1 scan=6388	6388	HCD	731.3542	0	-0.5841846	2	+229.163DAEQEEEVQR	"=_#k_#j_924563@3.78421536527071@fr4:55433(pre=-,post=A);=_#k_#j_924601@3.76430720372882@fr4:55435(pre=-,post=-)"	187	187	6.47E-14	2.72E-06	1.206	0	0	1.315594518	1.284506628	0.933684255	0.997341733	0.795874438	1.150307356	1.459538265	0.980304598	0.926094353	1	novelpep (map to known protein with more than 2 mismatched aa)	tr|A0A5F9ZI45|A0A5F9ZI45_HUMAN	70	10	NA	SESDQE	DQEQEEEIHR	IHRMSR	10	3	0	NA
GMRBRK_20181223_Gros-Kiessling-melanoma-combo_TMTset1_350ug_IPG3-10_fr12.mzML	set1	56.386127	81.37118816	controllerType=0 controllerNumber=1 scan=29002	29002	HCD	780.76373	1	2.2949803	3	+229.163IMDPNEQLETLHEALK+229.163	"smutalt_14693592@4.32806015252018@fr12:877865(pre=-,post=-)"	160	160	9.50E-21	5.12E-13	2.982	0	0	0.548488666	0.780997571	0.84433018	0.818644245	0.886291161	2.217767193	0.76538152	0.728195551	0.879978054	1	map to known protein with 1 aa mismatch	NP_001813.1	93.75	16	5	SAKIMD	IMDPDEQLETLHEALK	ALKLLP	16	1	0	PASS
GMRBRK_20181223_Gros-Kiessling-melanoma-combo_TMTset1_350ug_IPG3-10_fr12.mzML	set1	41.443489	96.86628729	controllerType=0 controllerNumber=1 scan=21080	21080	HCD	1033.2899	2	-1.033186	4	+229.163VSLPPPPPAAGRPGAAVADDAREEEEEAAPPPPPPPPPR	"=_1874232@4.2318849423252@fr12:167517(pre=-,post=-)"	370	146	1.74E-15	1.06E-07	1.913	0	0	1.361552697	1.372524252	1.412325951	0.875383463	0.635864793	1.297461785	1.801918769	0.804452628	1.130033863	1	novelpep (map to known protein with more than 2 mismatched aa)	XP_024310155.1	41.667	39	NA	RAPVPP	VPPAPPLPGDSGTIIPPPPAPGDSTTPPPPPPPPPP	PPPPPP	36	21	0	NA
GMRBRK_20181223_Gros-Kiessling-melanoma-combo_TMTset1_350ug_IPG3-10_fr12.mzML	set1	44.541416	97.46468812	controllerType=0 controllerNumber=1 scan=22700	22700	HCD	697.38934	1	-0.30502933	2	+229.163SEEVGVGLFAR	"smutalt_#=_#smutref_#j_3395556@4.37261695341125@fr12:300443(pre=-,post=-);smutalt_#=_#smutref_#j_3395598@4.2989782732343@fr12:300447(pre=R,post=-)"	161	161	1.59E-14	8.04E-07	1.377	0	0	0.990046182	0.474302021	0.750238074	1.496485986	1.092161428	1.069444192	1.210625481	1.450160253	0.756343066	1	novelpep (map to known protein with more than 2 mismatched aa)	XP_016860828.1	63.636	11	NA	LQKSEE	SEEVGVQVFTK	FTKRPL	11	4	0	NA
GMRBRK_20181223_Gros-Kiessling-melanoma-combo_TMTset1_350ug_IPG3-10_fr12.mzML	set1	10.99738	100.0000015	controllerType=0 controllerNumber=1 scan=5062	5062	HCD	500.75455	0	-1.5235773	4	+229.163ERPRDAEQEEEVQR	"=_#k_#j_924598@4.23671855167123@fr12:82271(pre=-,post=-)"	176	123	1.49E-13	7.86E-06	1.025	0.002457002	0.003401361	1.734888109	1.197786355	0.376833609	0.894486408	0.480573103	0.810238761	0.860887659	0.656451116	0.694617575	1	novelpep (map to known protein with more than 2 mismatched aa)	sp|Q9NZL9-5|MAT2B-5_HUMAN	75	14	NA	MPE	EMPEDMEQEEEV	EEVNIP	12	3	0	NA
GMRBRK_20181223_Gros-Kiessling-melanoma-combo_TMTset1_350ug_IPG3-10_fr30.mzML	set1	11.545069	100.0000015	controllerType=0 controllerNumber=1 scan=5256	5256	HCD	698.8472	1	-0.3268781	4	+229.163THTNTEPHSQSQEPSNGEPQK+229.163	"=_8409106@5.48654452844971@fr30:455447(pre=-,post=-)"	90	25	1.75E-10	0.008972254	0.948	0.007009346	0	0	1.05745946	1.10388964	0	0.644037575	4.919310458	0	0.539197766	0.865483938	1	novelpep (map to known protein with more than 2 mismatched aa)	NP_004396.1	40	21	NA	TAAYTS	YTSYAPYGTSSSPANNEPEK	PEKEDL	20	12	0	NA
